PROV1;San Francisco;San Francisco;San Francisco;;;;;;;;;x
PROV2;San Mateo;San Mateo;San Mateo;;;;;;;;;x
PROV3;Redwood City;Redwood City;Redwood City;;;;;;;;;x
PROV4;Half Moon Bay;Half Moon Bay;Half Moon Bay;;;;;;;;;x
PROV5;San Rafael;San Rafael;San Rafael;;;;;;;;;x
PROV6;Novato;Novato;Novato;;;;;;;;;x
PROV7;Point Reyes;Point Reyes;Point Reyes;;;;;;;;;x
PROV8;Santa Rosa;Santa Rosa;Santa Rosa;;;;;;;;;x
PROV9;Petaluma;Petaluma;Petaluma;;;;;;;;;x
PROV10;Bodega Bay;Bodega Bay;Bodega Bay;;;;;;;;;x
PROV11;Windsor;Windsor;Windsor;;;;;;;;;x
PROV12;Napa;Napa;Napa;;;;;;;;;x
PROV13;St. Helena;St. Helena;St. Helena;;;;;;;;;x
PROV14;Spanish Flat;Spanish Flat;Spanish Flat;;;;;;;;;x
PROV15;Vallejo;Vallejo;Vallejo;;;;;;;;;x
PROV16;Vacaville;Vacaville;Vacaville;;;;;;;;;x
PROV17;Rio Vista;Rio Vista;Rio Vista;;;;;;;;;x
PROV18;Richmond;Richmond;Richmond;;;;;;;;;x
PROV19;Concord;Concord;Concord;;;;;;;;;x
PROV20;Walnut Creek;Walnut Creek;Walnut Creek;;;;;;;;;x
PROV21;Antioch;Antioch;Antioch;;;;;;;;;x
PROV22;Berkeley;Berkeley;Berkeley;;;;;;;;;x
PROV23;Oakland;Oakland;Oakland;;;;;;;;;x
PROV24;Fremont;Fremont;Fremont;;;;;;;;;x
PROV25;Pleasanton;Pleasanton;Pleasanton;;;;;;;;;x
PROV26;San Jose;San Jose;San Jose;;;;;;;;;x
PROV27;Mountain View;Mountain View;Mountain View;;;;;;;;;x
PROV28;Santa Clara;Santa Clara;Santa Clara;;;;;;;;;x
PROV29;Gilroy;Gilroy;Gilroy;;;;;;;;;x
PROV30;San Felipe;San Felipe;San Felipe;;;;;;;;;x
PROV31;Los Gatos;Los Gatos;Los Gatos;;;;;;;;;x
PROV32;Coe Ranch;Coe Ranch;Coe Ranch;;;;;;;;;x
PROV33;Ohlone;Ohlone;Ohlone;;;;;;;;;x
PROV34;Wilson;Wilson;Wilson;;;;;;;;;x
PROV35;South Lake;South Lake;South Lake;;;;;;;;;x
PROV36;North Lake;North Lake;North Lake;;;;;;;;;x
PROV37;Kelseyville;Kelseyville;Kelseyville;;;;;;;;;x
PROV38;Santa Cruz;Santa Cruz;Santa Cruz;;;;;;;;;x
PROV39;Watsonville;Watsonville;Watsonville;;;;;;;;;x
PROV40;Scotts Valley;Scotts Valley;Scotts Valley;;;;;;;;;x
PROV41;Hollister;Hollister;Hollister;;;;;;;;;x
PROV42;San Benito;San Benito;San Benito;;;;;;;;;x
PROV43;Idria;Idria;Idria;;;;;;;;;x
PROV44;Salinas;Salinas;Salinas;;;;;;;;;x
PROV45;Monterey;Monterey;Monterey;;;;;;;;;x
PROV46;Carmel-By-The-Sea;Carmel-By-The-Sea;Carmel-By-The-Sea;;;;;;;;;x
PROV47;Big Sur;Big Sur;Big Sur;;;;;;;;;x
PROV48;Slates Hot Spring;Slates Hot Spring;Slates Hot Spring;;;;;;;;;x
PROV49;Gorda;Gorda;Gorda;;;;;;;;;x
PROV50;King City;King City;King City;;;;;;;;;x
PROV51;Soledad;Soledad;Soledad;;;;;;;;;x
PROV52;Gonzales;Gonzales;Gonzales;;;;;;;;;x
PROV53;Wunpost;Wunpost;Wunpost;;;;;;;;;x
PROV54;Hidden Valley;Hidden Valley;Hidden Valley;;;;;;;;;x
PROV55;Lockwood;Lockwood;Lockwood;;;;;;;;;x
PROV56;San Luis Obispo;San Luis Obispo;San Luis Obispo;;;;;;;;;x
PROV57;Atascadero;Atascadero;Atascadero;;;;;;;;;x
PROV58;San Simeon;San Simeon;San Simeon;;;;;;;;;x
PROV59;Pozo;Pozo;Pozo;;;;;;;;;x
PROV60;Topaz;Topaz;Topaz;;;;;;;;;x
PROV61;Sacramento;Sacramento;Sacramento;;;;;;;;;x
PROV62;Rancho Cordova;Rancho Cordova;Rancho Cordova;;;;;;;;;x
PROV63;Elk Grove;Elk Grove;Elk Grove;;;;;;;;;x
PROV64;Folsom;Folsom;Folsom;;;;;;;;;x
PROV65;Arden-Arcade;Arden-Arcade;Arden-Arcade;;;;;;;;;x
PROV66;Rio Linda;Rio Linda;Rio Linda;;;;;;;;;x
PROV67;Walnut Grove;Walnut Grove;Walnut Grove;;;;;;;;;x
PROV68;Herald;Herald;Herald;;;;;;;;;x
PROV69;Rancho Murieta;Rancho Murieta;Rancho Murieta;;;;;;;;;x
PROV70;Placerville;Placerville;Placerville;;;;;;;;;x
PROV71;Roseville;Roseville;Roseville;;;;;;;;;x
PROV72;Nevada City;Nevada City;Nevada City;;;;;;;;;x
PROV73;Oroville;Oroville;Oroville;;;;;;;;;x
PROV74;Oliverhurst;Oliverhurst;Oliverhurst;;;;;;;;;x
PROV75;Pleasant Grove;Pleasant Grove;Pleasant Grove;;;;;;;;;x
PROV76;Indian Valley;Indian Valley;Indian Valley;;;;;;;;;x
PROV77;Chester;Chester;Chester;;;;;;;;;x
PROV78;Portola;Portola;Portola;;;;;;;;;x
PROV79;Olympic Valley;Olympic Valley;Olympic Valley;;;;;;;;;x
PROV80;Monument;Monument;Monument;;;;;;;;;x
PROV81;Lincoln;Lincoln;Lincoln;;;;;;;;;x
PROV82;Yuba;Yuba;Yuba;;;;;;;;;x
PROV83;Robbins;Robbins;Robbins;;;;;;;;;x
PROV84;Butte;Butte;Butte;;;;;;;;;x
PROV85;Chico;Chico;Chico;;;;;;;;;x
PROV86;Los Molinos;Los Molinos;Los Molinos;;;;;;;;;x
PROV87;Dairyville;Dairyville;Dairyville;;;;;;;;;x
PROV88;Davis;Davis;Davis;;;;;;;;;x
PROV89;Cottonwood;Cottonwood;Cottonwood;;;;;;;;;x
PROV90;Rumsey;Rumsey;Rumsey;;;;;;;;;x
PROV91;Colusa;Colusa;Colusa;;;;;;;;;x
PROV92;Arbuckle;Arbuckle;Arbuckle;;;;;;;;;x
PROV93;Willow;Willow;Willow;;;;;;;;;x
PROV94;Artois;Artois;Artois;;;;;;;;;x
PROV95;Hamilton City;Hamilton City;Hamilton City;;;;;;;;;x
PROV96;Elk Creek;Elk Creek;Elk Creek;;;;;;;;;x
PROV97;Red Bluff;Red Bluff;Red Bluff;;;;;;;;;x
PROV98;Corning;Corning;Corning;;;;;;;;;x
PROV99;Rosewood;Rosewood;Rosewood;;;;;;;;;x
PROV100;Stockton;Stockton;Stockton;;;;;;;;;x
PROV101;Lodi;Lodi;Lodi;;;;;;;;;x
PROV102;Amador;Amador;Amador;;;;;;;;;x
PROV103;Modesto;Modesto;Modesto;;;;;;;;;x
PROV104;Le Grange;Le Grange;Le Grange;;;;;;;;;x
PROV105;San Andreas;San Andreas;San Andreas;;;;;;;;;x
PROV106;Merced;Merced;Merced;;;;;;;;;x
PROV107;Mariposa;Mariposa;Mariposa;;;;;;;;;x
PROV108;Toulumnes;Toulumnes;Toulumnes;;;;;;;;;x
PROV109;Madera;Madera;Madera;;;;;;;;;x
PROV110;Yosemite Lakes;Yosemite Lakes;Yosemite Lakes;;;;;;;;;x
PROV111;Chowchilla;Chowchilla;Chowchilla;;;;;;;;;x
PROV112;Bakersfield;Bakersfield;Bakersfield;;;;;;;;;x
PROV113;Bear Valley;Bear Valley;Bear Valley;;;;;;;;;x
PROV114;Mojave;Mojave;Mojave;;;;;;;;;x
PROV115;Tupman;Tupman;Tupman;;;;;;;;;x
PROV116;Mettler;Mettler;Mettler;;;;;;;;;x
PROV117;Visalia;Visalia;Visalia;;;;;;;;;x
PROV118;Kings Canyon;Kings Canyon;Kings Canyon;;;;;;;;;x
PROV119;Terra Bella;Terra Bella;Terra Bella;;;;;;;;;x
PROV120;Halfway House;Halfway House;Halfway House;;;;;;;;;x
PROV121;Isabella;Isabella;Isabella;;;;;;;;;x
PROV122;Twin Oaks;Twin Oaks;Twin Oaks;;;;;;;;;x
PROV123;Taft;Taft;Taft;;;;;;;;;x
PROV124;McKittrick;McKittrick;McKittrick;;;;;;;;;x
PROV125;Annette;Annette;Annette;;;;;;;;;x
PROV126;Buttonwillow;Buttonwillow;Buttonwillow;;;;;;;;;x
PROV127;Lost Hills;Lost Hills;Lost Hills;;;;;;;;;x
PROV128;Alpaugh;Alpaugh;Alpaugh;;;;;;;;;x
PROV129;Hanford;Hanford;Hanford;;;;;;;;;x
PROV130;Shafter;Shafter;Shafter;;;;;;;;;x
PROV131;Fresno;Fresno;Fresno;;;;;;;;;x
PROV132;Millerton;Millerton;Millerton;;;;;;;;;x
PROV133;Kerman;Kerman;Kerman;;;;;;;;;x
PROV134;Helm;Helm;Helm;;;;;;;;;x
PROV135;Selma;Selma;Selma;;;;;;;;;x
PROV136;Centerville;Centerville;Centerville;;;;;;;;;x
PROV137;Tracy;Tracy;Tracy;;;;;;;;;x
PROV138;Diablo Grande;Diablo Grande;Diablo Grande;;;;;;;;;x
PROV139;Cottonwood;Cottonwood;Cottonwood;;;;;;;;;x
PROV140;Newman;Newman;Newman;;;;;;;;;x
PROV141;Mendota;Mendota;Mendota;;;;;;;;;x
PROV142;Los Banos;Los Banos;Los Banos;;;;;;;;;x
PROV143;Wood Ranch;Wood Ranch;Wood Ranch;;;;;;;;;x
PROV144;Cantua;Cantua;Cantua;;;;;;;;;x
PROV145;Riverdale;Riverdale;Riverdale;;;;;;;;;x
PROV146;Kettleman;Kettleman;Kettleman;;;;;;;;;x
PROV147;Coalinga;Coalinga;Coalinga;;;;;;;;;x
PROV148;Five Points;Five Points;Five Points;;;;;;;;;x
PROV149;Balboa;Balboa;Balboa;;;;;;;;;x
PROV150;Coronado;Coronado;Coronado;;;;;;;;;x
PROV151;Otay Lakes;Otay Lakes;Otay Lakes;;;;;;;;;x
PROV152;Torrey;Torrey;Torrey;;;;;;;;;x
PROV153;El Cajon;El Cajon;El Cajon;;;;;;;;;x
PROV154;Palomar;Palomar;Palomar;;;;;;;;;x
PROV155;Poway;Poway;Poway;;;;;;;;;x
PROV156;Pendleton;Pendleton;Pendleton;;;;;;;;;x
PROV157;San Clemente;San Clemente;San Clemente;;;;;;;;;x
PROV158;Santiago;Santiago;Santiago;;;;;;;;;x
PROV159;Irvine;Irvine;Irvine;;;;;;;;;x
PROV160;Huntington;Huntington;Huntington;;;;;;;;;x
PROV161;Anaheim;Anaheim;Anaheim;;;;;;;;;x
PROV162;Fullerton;Fullerton;Fullerton;;;;;;;;;x
PROV163;The Times;The Times;The Times;;;;;;;;;x
PROV164;Chino;Chino;Chino;;;;;;;;;x
PROV165;Riverside;Riverside;Riverside;;;;;;;;;x
PROV166;Mathews;Mathews;Mathews;;;;;;;;;x
PROV167;San Bernardino;San Bernardino;San Bernardino;;;;;;;;;x
PROV168;Moreno;Moreno;Moreno;;;;;;;;;x
PROV169;Temecula;Temecula;Temecula;;;;;;;;;x
PROV170;Diamond Valley;Diamond Valley;Diamond Valley;;;;;;;;;x
PROV171;Morongo;Morongo;Morongo;;;;;;;;;x
PROV172;Pauma;Pauma;Pauma;;;;;;;;;x
PROV173;Ramona;Ramona;Ramona;;;;;;;;;x
PROV174;Salton;Salton;Salton;;;;;;;;;x
PROV175;Palm Desert;Palm Desert;Palm Desert;;;;;;;;;x
PROV176;El Centro;El Centro;El Centro;;;;;;;;;x
PROV177;Borrego;Borrego;Borrego;;;;;;;;;x
PROV178;Anza;Anza;Anza;;;;;;;;;x
PROV179;Idyllwild;Idyllwild;Idyllwild;;;;;;;;;x
PROV180;Catalina Island;Catalina Island;Catalina Island;;;;;;;;;x
PROV181;Channel Islands;Channel Islands;Channel Islands;;;;;;;;;x
PROV182;Los Angeles;Los Angeles;Los Angeles;;;;;;;;;x
PROV183;Long Beach;Long Beach;Long Beach;;;;;;;;;x
PROV184;Compton;Compton;Compton;;;;;;;;;x
PROV185;Torrance;Torrance;Torrance;;;;;;;;;x
PROV186;Hollywood;Hollywood;Hollywood;;;;;;;;;x
PROV187;Glendale;Glendale;Glendale;;;;;;;;;x
PROV188;Pasadena;Pasadena;Pasadena;;;;;;;;;x
PROV189;Thousand Oaks;Thousand Oaks;Thousand Oaks;;;;;;;;;x
PROV190;Oxnard;Oxnard;Oxnard;;;;;;;;;x
PROV191;Simi;Simi;Simi;;;;;;;;;x
PROV192;Ventura;Ventura;Ventura;;;;;;;;;x
PROV193;Santa Barbara;Santa Barbara;Santa Barbara;;;;;;;;;x
PROV194;Las Crusces;Las Crusces;Las Crusces;;;;;;;;;x
PROV195;Lompoc;Lompoc;Lompoc;;;;;;;;;x
PROV196;Obispo;Obispo;Obispo;;;;;;;;;x
PROV197;The Padres;The Padres;The Padres;;;;;;;;;x
PROV198;Wheeler;Wheeler;Wheeler;;;;;;;;;x
PROV199;Alamo;Alamo;Alamo;;;;;;;;;x
PROV200;Tejon Pass;Tejon Pass;Tejon Pass;;;;;;;;;x
PROV201;Santa Clarita;Santa Clarita;Santa Clarita;;;;;;;;;x
PROV202;Palmdale;Palmdale;Palmdale;;;;;;;;;x
PROV203;Lancaster;Lancaster;Lancaster;;;;;;;;;x
PROV204;Rosamond;Rosamond;Rosamond;;;;;;;;;x
PROV205;Fairmont;Fairmont;Fairmont;;;;;;;;;x
PROV206;Victorville;Victorville;Victorville;;;;;;;;;x
PROV207;Hesperia;Hesperia;Hesperia;;;;;;;;;x
PROV208;El Mirage;El Mirage;El Mirage;;;;;;;;;x
PROV209;Yucca;Yucca;Yucca;;;;;;;;;x
PROV210;Helendale;Helendale;Helendale;;;;;;;;;x
PROV211;Las Vegas;Las Vegas;Las Vegas;;;;;;;;;x
PROV212;Fire Valley;Fire Valley;Fire Valley;;;;;;;;;x
PROV213;Ash Springs;Ash Springs;Ash Springs;;;;;;;;;x
PROV214;Indian Springs;Indian Springs;Indian Springs;;;;;;;;;x
PROV215;Pahrump;Pahrump;Pahrump;;;;;;;;;x
PROV216;Imperial;Imperial;Imperial;;;;;;;;;x
PROV217;Picacho;Picacho;Picacho;;;;;;;;;x
PROV218;Slab City;Slab City;Slab City;;;;;;;;;x
PROV219;Palo Verde;Palo Verde;Palo Verde;;;;;;;;;x
PROV220;North Shore;North Shore;North Shore;;;;;;;;;x
PROV221;Desert Center;Desert Center;Desert Center;;;;;;;;;x
PROV222;Old Dale;Old Dale;Old Dale;;;;;;;;;x
PROV223;Bagdad;Bagdad;Bagdad;;;;;;;;;x
PROV224;Searchlight;Searchlight;Searchlight;;;;;;;;;x
PROV225;Goodsprings;Goodsprings;Goodsprings;;;;;;;;;x
PROV226;Boulder City;Boulder City;Boulder City;;;;;;;;;x
PROV227;Halloran;Halloran;Halloran;;;;;;;;;x
PROV228;Vidal;Vidal;Vidal;;;;;;;;;x
PROV229;Blythe;Blythe;Blythe;;;;;;;;;x
PROV230;Needles;Needles;Needles;;;;;;;;;x
PROV231;Barstow;Barstow;Barstow;;;;;;;;;x
PROV232;Afton;Afton;Afton;;;;;;;;;x
PROV233;Siberia;Siberia;Siberia;;;;;;;;;x
PROV234;Johnson Valley;Johnson Valley;Johnson Valley;;;;;;;;;x
PROV235;Paz;Paz;Paz;;;;;;;;;x
PROV236;El Quelele;El Quelele;El Quelele;;;;;;;;;x
PROV237;San Juan de Los Planes;San Juan de Los Planes;San Juan de Los Planes;;;;;;;;;x
PROV238;Todos Santos;Todos Santos;Todos Santos;;;;;;;;;x
PROV239;San Pedro;San Pedro;San Pedro;;;;;;;;;x
PROV240;Cabo Pulmo;Cabo Pulmo;Cabo Pulmo;;;;;;;;;x
PROV241;San Jose del Cabo;San Jose del Cabo;San Jose del Cabo;;;;;;;;;x
PROV242;Cabo San Lucas;Cabo San Lucas;Cabo San Lucas;;;;;;;;;x
PROV243;Carrizalito;Carrizalito;Carrizalito;;;;;;;;;x
PROV244;Cresciente;Cresciente;Cresciente;;;;;;;;;x
PROV245;Hiray;Hiray;Hiray;;;;;;;;;x
PROV246;Banderitas;Banderitas;Banderitas;;;;;;;;;x
PROV247;Constitución;Constitución;Constitución;;;;;;;;;x
PROV248;Matancita;Matancita;Matancita;;;;;;;;;x
PROV249;San Evaristo;San Evaristo;San Evaristo;;;;;;;;;x
PROV250;Timbabichi;Timbabichi;Timbabichi;;;;;;;;;x
PROV251;Huatamote;Huatamote;Huatamote;;;;;;;;;x
PROV252;Ligüí;Ligüí;Ligüí;;;;;;;;;x
PROV253;Loreto;Loreto;Loreto;;;;;;;;;x
PROV254;Heroica Mulegé;Heroica Mulegé;Heroica Mulegé;;;;;;;;;x
PROV255;La Poza Grande;La Poza Grande;La Poza Grande;;;;;;;;;x
PROV256;La Yaqui;La Yaqui;La Yaqui;;;;;;;;;x
PROV257;Isla Guadalupe;Isla Guadalupe;Isla Guadalupe;;;;;;;;;x
PROV258;Isla de Cedros;Isla de Cedros;Isla de Cedros;;;;;;;;;x
PROV259;Bahía Tortugas;Bahía Tortugas;Bahía Tortugas;;;;;;;;;x
PROV260;Guerrero Negro;Guerrero Negro;Guerrero Negro;;;;;;;;;x
PROV261;El Marasal;El Marasal;El Marasal;;;;;;;;;x
PROV262;Santa Rosalía;Santa Rosalía;Santa Rosalía;;;;;;;;;x
PROV263;Punta Abreojos;Punta Abreojos;Punta Abreojos;;;;;;;;;x
PROV264;Tijuana;Tijuana;Tijuana;;;;;;;;;x
PROV265;Tecate;Tecate;Tecate;;;;;;;;;x
PROV266;Guadalupe;Guadalupe;Guadalupe;;;;;;;;;x
PROV267;La Rumorosa;La Rumorosa;La Rumorosa;;;;;;;;;x
PROV268;Mexicali;Mexicali;Mexicali;;;;;;;;;x
PROV269;Progreso;Progreso;Progreso;;;;;;;;;x
PROV270;Morelos;Morelos;Morelos;;;;;;;;;x
PROV271;Delta;Delta;Delta;;;;;;;;;x
PROV272;El Indiviso;El Indiviso;El Indiviso;;;;;;;;;x
PROV273;Lázaro Cárdenas;Lázaro Cárdenas;Lázaro Cárdenas;;;;;;;;;x
PROV274;San Felipe;San Felipe;San Felipe;;;;;;;;;x
PROV275;Puertecitos;Puertecitos;Puertecitos;;;;;;;;;x
PROV276;El Rosario;El Rosario;El Rosario;;;;;;;;;x
PROV277;Rancho los Pinos;Rancho los Pinos;Rancho los Pinos;;;;;;;;;x
PROV278;Ensenada;Ensenada;Ensenada;;;;;;;;;x
PROV279;Santo Tomás;Santo Tomás;Santo Tomás;;;;;;;;;x
PROV280;Camalú;Camalú;Camalú;;;;;;;;;x
PROV281;Rosarito;Rosarito;Rosarito;;;;;;;;;x
PROV282;Bahía de los Ángeles;Bahía de los Ángeles;Bahía de los Ángeles;;;;;;;;;x
PROV283;Punta Final;Punta Final;Punta Final;;;;;;;;;x
PROV284;Redding;Redding;Redding;;;;;;;;;x
PROV285;Round Mountain;Round Mountain;Round Mountain;;;;;;;;;x
PROV286;Platina;Platina;Platina;;;;;;;;;x
PROV287;Burney;Burney;Burney;;;;;;;;;x
PROV288;Weaverville;Weaverville;Weaverville;;;;;;;;;x
PROV289;Hayfork;Hayfork;Hayfork;;;;;;;;;x
PROV290;Ridgeville;Ridgeville;Ridgeville;;;;;;;;;x
PROV291;Mt. Shasta;Mt. Shasta;Mt. Shasta;;;;;;;;;x
PROV292;Pondosa;Pondosa;Pondosa;;;;;;;;;x
PROV293;Lakehead-Lakeshore;Lakehead-Lakeshore;Lakehead-Lakeshore;;;;;;;;;x
PROV294;Ukiah;Ukiah;Ukiah;;;;;;;;;x
PROV295;Hopland;Hopland;Hopland;;;;;;;;;x
PROV296;Boonville;Boonville;Boonville;;;;;;;;;x
PROV297;Willits;Willits;Willits;;;;;;;;;x
PROV298;Mendocino;Mendocino;Mendocino;;;;;;;;;x
PROV299;Fort Bragg;Fort Bragg;Fort Bragg;;;;;;;;;x
PROV300;Point Arena;Point Arena;Point Arena;;;;;;;;;x
PROV301;Rockport;Rockport;Rockport;;;;;;;;;x
PROV302;Laytonville;Laytonville;Laytonville;;;;;;;;;x
PROV303;Leggett;Leggett;Leggett;;;;;;;;;x
PROV304;Dos Rios;Dos Rios;Dos Rios;;;;;;;;;x
PROV305;Covelo;Covelo;Covelo;;;;;;;;;x
PROV306;Eureka;Eureka;Eureka;;;;;;;;;x
PROV307;Willow Creek;Willow Creek;Willow Creek;;;;;;;;;x
PROV308;Trinidad;Trinidad;Trinidad;;;;;;;;;x
PROV309;Del Norte;Del Norte;Del Norte;;;;;;;;;x
PROV310;Fortuna;Fortuna;Fortuna;;;;;;;;;x
PROV311;Garberville;Garberville;Garberville;;;;;;;;;x
PROV312;Dinsmore;Dinsmore;Dinsmore;;;;;;;;;x
PROV313;Yreka;Yreka;Yreka;;;;;;;;;x
PROV314;Fort Jones;Fort Jones;Fort Jones;;;;;;;;;x
PROV315;Mt. Hebron;Mt. Hebron;Mt. Hebron;;;;;;;;;x
PROV316;Hornbrook;Hornbrook;Hornbrook;;;;;;;;;x
PROV317;Fort Goff;Fort Goff;Fort Goff;;;;;;;;;x
PROV318;Cottage Grove;Cottage Grove;Cottage Grove;;;;;;;;;x
PROV319;Alturas;Alturas;Alturas;;;;;;;;;x
PROV320;Canby;Canby;Canby;;;;;;;;;x
PROV321;Mammoth;Mammoth;Mammoth;;;;;;;;;x
PROV322;Susanville;Susanville;Susanville;;;;;;;;;x
PROV323;Termo;Termo;Termo;;;;;;;;;x
PROV324;Little Valley;Little Valley;Little Valley;;;;;;;;;x
PROV325;Klamath Falls;Klamath Falls;Klamath Falls;;;;;;;;;x
PROV326;Bonaza;Bonaza;Bonaza;;;;;;;;;x
PROV327;Chiloquin;Chiloquin;Chiloquin;;;;;;;;;x
PROV328;Chemult;Chemult;Chemult;;;;;;;;;x
PROV329;Jackson;Jackson;Jackson;;;;;;;;;x
PROV330;Josephine;Josephine;Josephine;;;;;;;;;x
PROV331;Eagle Valley;Eagle Valley;Eagle Valley;;;;;;;;;x
PROV332;Lakeview;Lakeview;Lakeview;;;;;;;;;x
PROV333;Wagonfire;Wagonfire;Wagonfire;;;;;;;;;x
PROV334;Christmas Valley;Christmas Valley;Christmas Valley;;;;;;;;;x
PROV335;Portland;Portland;Portland;;;;;;;;;x
PROV336;Gresham;Gresham;Gresham;;;;;;;;;x
PROV337;Forest Park;Forest Park;Forest Park;;;;;;;;;x
PROV338;Oswego;Oswego;Oswego;;;;;;;;;x
PROV339;Mt. Hood;Mt. Hood;Mt. Hood;;;;;;;;;x
PROV340;Towering Village;Towering Village;Towering Village;;;;;;;;;x
PROV341;Sandy;Sandy;Sandy;;;;;;;;;x
PROV342;Oregon City;Oregon City;Oregon City;;;;;;;;;x
PROV343;Clackamas;Clackamas;Clackamas;;;;;;;;;x
PROV344;Wilsonville;Wilsonville;Wilsonville;;;;;;;;;x
PROV345;Hillsboro;Hillsboro;Hillsboro;;;;;;;;;x
PROV346;Beaverton;Beaverton;Beaverton;;;;;;;;;x
PROV347;Forest Grove;Forest Grove;Forest Grove;;;;;;;;;x
PROV348;Wilkesboro;Wilkesboro;Wilkesboro;;;;;;;;;x
PROV349;St.Helens;St.Helens;St.Helens;;;;;;;;;x
PROV350;Pittsburg;Pittsburg;Pittsburg;;;;;;;;;x
PROV351;Clatskanie;Clatskanie;Clatskanie;;;;;;;;;x
PROV352;Salem;Salem;Salem;;;;;;;;;x
PROV353;Yamhill;Yamhill;Yamhill;;;;;;;;;x
PROV354;Polks;Polks;Polks;;;;;;;;;x
PROV355;Woodburn;Woodburn;Woodburn;;;;;;;;;x
PROV356;Albany;Albany;Albany;;;;;;;;;x
PROV357;Sweet Home;Sweet Home;Sweet Home;;;;;;;;;x
PROV358;Corvallis;Corvallis;Corvallis;;;;;;;;;x
PROV359;Eugene;Eugene;Eugene;;;;;;;;;x
PROV360;Springfield;Springfield;Springfield;;;;;;;;;x
PROV361;Old Territorial;Old Territorial;Old Territorial;;;;;;;;;x
PROV362;Saginaw;Saginaw;Saginaw;;;;;;;;;x
PROV363;Roseburg;Roseburg;Roseburg;;;;;;;;;x
PROV364;Glide;Glide;Glide;;;;;;;;;x
PROV365;Yoncalla;Yoncalla;Yoncalla;;;;;;;;;x
PROV366;Elkton;Elkton;Elkton;;;;;;;;;x
PROV367;Tri-City;Tri-City;Tri-City;;;;;;;;;x
PROV368;Winston;Winston;Winston;;;;;;;;;x
PROV369;Gaylord;Gaylord;Gaylord;;;;;;;;;x
PROV370;Florence;Florence;Florence;;;;;;;;;x
PROV371;Reedsport;Reedsport;Reedsport;;;;;;;;;x
PROV372;Mapleton;Mapleton;Mapleton;;;;;;;;;x
PROV373;Coos Bay;Coos Bay;Coos Bay;;;;;;;;;x
PROV374;Port Orford;Port Orford;Port Orford;;;;;;;;;x
PROV375;Gold Beach;Gold Beach;Gold Beach;;;;;;;;;x
PROV376;Tillamook;Tillamook;Tillamook;;;;;;;;;x
PROV377;Pacific City;Pacific City;Pacific City;;;;;;;;;x
PROV378;Manzanita;Manzanita;Manzanita;;;;;;;;;x
PROV379;Newport;Newport;Newport;;;;;;;;;x
PROV380;Lincoln City;Lincoln City;Lincoln City;;;;;;;;;x
PROV381;Eddyville;Eddyville;Eddyville;;;;;;;;;x
PROV382;Astoria;Astoria;Astoria;;;;;;;;;x
PROV383;Jewell;Jewell;Jewell;;;;;;;;;x
PROV384;Warrenton;Warrenton;Warrenton;;;;;;;;;x
PROV385;Seattle;Seattle;Seattle;;;;;;;;;x
PROV386;Bellevue;Bellevue;Bellevue;;;;;;;;;x
PROV387;Renton;Renton;Renton;;;;;;;;;x
PROV388;Federal Way;Federal Way;Federal Way;;;;;;;;;x
PROV389;Sammamish;Sammamish;Sammamish;;;;;;;;;x
PROV390;Carnation;Carnation;Carnation;;;;;;;;;x
PROV391;North Bend;North Bend;North Bend;;;;;;;;;x
PROV392;Everett;Everett;Everett;;;;;;;;;x
PROV393;Lynnwood;Lynnwood;Lynnwood;;;;;;;;;x
PROV394;Snohomish;Snohomish;Snohomish;;;;;;;;;x
PROV395;Leavenworth;Leavenworth;Leavenworth;;;;;;;;;x
PROV396;Arlington;Arlington;Arlington;;;;;;;;;x
PROV397;Mt.Vernon;Mt.Vernon;Mt.Vernon;;;;;;;;;x
PROV398;Fidalgo;Fidalgo;Fidalgo;;;;;;;;;x
PROV399;Darrington;Darrington;Darrington;;;;;;;;;x
PROV400;Camano;Camano;Camano;;;;;;;;;x
PROV401;South Whidbey;South Whidbey;South Whidbey;;;;;;;;;x
PROV402;North Whidbey;North Whidbey;North Whidbey;;;;;;;;;x
PROV403;Lyman;Lyman;Lyman;;;;;;;;;x
PROV404;Rockport;Rockport;Rockport;;;;;;;;;x
PROV405;Bellingham;Bellingham;Bellingham;;;;;;;;;x
PROV406;Deming;Deming;Deming;;;;;;;;;x
PROV407;Lynden;Lynden;Lynden;;;;;;;;;x
PROV408;San Juan;San Juan;San Juan;;;;;;;;;x
PROV409;Lopez;Lopez;Lopez;;;;;;;;;x
PROV410;Orca;Orca;Orca;;;;;;;;;x
PROV411;Tacoma;Tacoma;Tacoma;;;;;;;;;x
PROV412;Spanaway;Spanaway;Spanaway;;;;;;;;;x
PROV413;Enumclaw;Enumclaw;Enumclaw;;;;;;;;;x
PROV414;Columbia;Columbia;Columbia;;;;;;;;;x
PROV415;Battle Ground;Battle Ground;Battle Ground;;;;;;;;;x
PROV416;Skamania;Skamania;Skamania;;;;;;;;;x
PROV417;Centralia;Centralia;Centralia;;;;;;;;;x
PROV418;Longview;Longview;Longview;;;;;;;;;x
PROV419;La Grande;La Grande;La Grande;;;;;;;;;x
PROV420;Raymond;Raymond;Raymond;;;;;;;;;x
PROV421;Ilwaco;Ilwaco;Ilwaco;;;;;;;;;x
PROV422;Wahkiakum;Wahkiakum;Wahkiakum;;;;;;;;;x
PROV423;Olympia;Olympia;Olympia;;;;;;;;;x
PROV424;Thompson;Thompson;Thompson;;;;;;;;;x
PROV425;Grand Mound;Grand Mound;Grand Mound;;;;;;;;;x
PROV426;Aberdeen;Aberdeen;Aberdeen;;;;;;;;;x
PROV427;Elma;Elma;Elma;;;;;;;;;x
PROV428;Westport;Westport;Westport;;;;;;;;;x
PROV429;Oceanshore;Oceanshore;Oceanshore;;;;;;;;;x
PROV430;Quinault;Quinault;Quinault;;;;;;;;;x
PROV431;La Push;La Push;La Push;;;;;;;;;x
PROV432;Port Angeles;Port Angeles;Port Angeles;;;;;;;;;x
PROV433;Neah Bay;Neah Bay;Neah Bay;;;;;;;;;x
PROV434;Sequim;Sequim;Sequim;;;;;;;;;x
PROV435;Shelton;Shelton;Shelton;;;;;;;;;x
PROV436;Quilcene;Quilcene;Quilcene;;;;;;;;;x
PROV437;Jefferson;Jefferson;Jefferson;;;;;;;;;x
PROV438;Bremerton;Bremerton;Bremerton;;;;;;;;;x
PROV439;Port Orchard;Port Orchard;Port Orchard;;;;;;;;;x
PROV440;Poulsbo;Poulsbo;Poulsbo;;;;;;;;;x
PROV441;Spokane;Spokane;Spokane;;;;;;;;;x
PROV442;Spokane Valley;Spokane Valley;Spokane Valley;;;;;;;;;x
PROV443;Deer Park;Deer Park;Deer Park;;;;;;;;;x
PROV444;Steven;Steven;Steven;;;;;;;;;x
PROV445;Fruitland;Fruitland;Fruitland;;;;;;;;;x
PROV446;Newport;Newport;Newport;;;;;;;;;x
PROV447;Republic;Republic;Republic;;;;;;;;;x
PROV448;Marcus;Marcus;Marcus;;;;;;;;;x
PROV449;Nespelem;Nespelem;Nespelem;;;;;;;;;x
PROV450;Okanogan;Okanogan;Okanogan;;;;;;;;;x
PROV451;Tonasket;Tonasket;Tonasket;;;;;;;;;x
PROV452;Oroville;Oroville;Oroville;;;;;;;;;x
PROV453;Wenatchee;Wenatchee;Wenatchee;;;;;;;;;x
PROV454;Chelan;Chelan;Chelan;;;;;;;;;x
PROV455;Winthrop;Winthrop;Winthrop;;;;;;;;;x
PROV456;Coeur d'Alene;Coeur d'Alene;Coeur d'Alene;;;;;;;;;x
PROV457;Ponderay;Ponderay;Ponderay;;;;;;;;;x
PROV458;Boundary;Boundary;Boundary;;;;;;;;;x
PROV459;Silver Valley;Silver Valley;Silver Valley;;;;;;;;;x
PROV460;Sanders;Sanders;Sanders;;;;;;;;;x
PROV461;Superior;Superior;Superior;;;;;;;;;x
PROV462;Missoula;Missoula;Missoula;;;;;;;;;x
PROV463;Ravalli;Ravalli;Ravalli;;;;;;;;;x
PROV464;Sellway;Sellway;Sellway;;;;;;;;;x
PROV465;Kalispell;Kalispell;Kalispell;;;;;;;;;x
PROV466;Glacier;Glacier;Glacier;;;;;;;;;x
PROV467;Polson;Polson;Polson;;;;;;;;;x
PROV468;Lincoln;Lincoln;Lincoln;;;;;;;;;x
PROV469;Moscow;Moscow;Moscow;;;;;;;;;x
PROV470;Pullman;Pullman;Pullman;;;;;;;;;x
PROV471;Skitswish;Skitswish;Skitswish;;;;;;;;;x
PROV472;St. Joe;St. Joe;St. Joe;;;;;;;;;x
PROV473;Dworshak;Dworshak;Dworshak;;;;;;;;;x
PROV474;Orofino;Orofino;Orofino;;;;;;;;;x
PROV475;Pasco;Pasco;Pasco;;;;;;;;;x
PROV476;Washtucna;Washtucna;Washtucna;;;;;;;;;x
PROV477;Royal City;Royal City;Royal City;;;;;;;;;x
PROV478;Quincy;Quincy;Quincy;;;;;;;;;x
PROV479;Douglas;Douglas;Douglas;;;;;;;;;x
PROV480;Bridgeport;Bridgeport;Bridgeport;;;;;;;;;x
PROV481;Grand Coulee;Grand Coulee;Grand Coulee;;;;;;;;;x
PROV482;Odessa;Odessa;Odessa;;;;;;;;;x
PROV483;Davenport;Davenport;Davenport;;;;;;;;;x
PROV484;Reardan;Reardan;Reardan;;;;;;;;;x
PROV485;Towell;Towell;Towell;;;;;;;;;x
PROV486;Yakima;Yakima;Yakima;;;;;;;;;x
PROV487;Ellensburg;Ellensburg;Ellensburg;;;;;;;;;x
PROV488;The Reach;The Reach;The Reach;;;;;;;;;x
PROV489;Goldendale;Goldendale;Goldendale;;;;;;;;;x
PROV490;Toppenish;Toppenish;Toppenish;;;;;;;;;x
PROV491;Sunnyside;Sunnyside;Sunnyside;;;;;;;;;x
PROV492;Kennewick;Kennewick;Kennewick;;;;;;;;;x
PROV493;Grandview;Grandview;Grandview;;;;;;;;;x
PROV494;Walla Walla;Walla Walla;Walla Walla;;;;;;;;;x
PROV495;Tollgate;Tollgate;Tollgate;;;;;;;;;x
PROV496;Burbank;Burbank;Burbank;;;;;;;;;x
PROV497;Clarkston;Clarkston;Clarkston;;;;;;;;;x
PROV498;Dayton;Dayton;Dayton;;;;;;;;;x
PROV499;Pendleton;Pendleton;Pendleton;;;;;;;;;x
PROV500;Hermiston;Hermiston;Hermiston;;;;;;;;;x
PROV501;Morrow;Morrow;Morrow;;;;;;;;;x
PROV502;The Dalles;The Dalles;The Dalles;;;;;;;;;x
PROV503;Warm Springs;Warm Springs;Warm Springs;;;;;;;;;x
PROV504;Gillam;Gillam;Gillam;;;;;;;;;x
PROV505;Vancouver;Vancouver;Vancouver;;;;;;;;;x
PROV506;Richmond;Richmond;Richmond;;;;;;;;;x
PROV507;Capilano;Capilano;Capilano;;;;;;;;;x
PROV508;Surrey;Surrey;Surrey;;;;;;;;;x
PROV509;Coquitlam;Coquitlam;Coquitlam;;;;;;;;;x
PROV510;Abbotsford;Abbotsford;Abbotsford;;;;;;;;;x
PROV511;Chilliwack;Chilliwack;Chilliwack;;;;;;;;;x
PROV512;Hope;Hope;Hope;;;;;;;;;x
PROV513;Pemberton;Pemberton;Pemberton;;;;;;;;;x
PROV514;Squamish;Squamish;Squamish;;;;;;;;;x
PROV515;Gibsons;Gibsons;Gibsons;;;;;;;;;x
PROV516;Sechelt;Sechelt;Sechelt;;;;;;;;;x
PROV517;Victoria;Victoria;Victoria;;;;;;;;;x
PROV518;Sidney;Sidney;Sidney;;;;;;;;;x
PROV519;Langford;Langford;Langford;;;;;;;;;x
PROV520;Nanaimo;Nanaimo;Nanaimo;;;;;;;;;x
PROV521;Duncan;Duncan;Duncan;;;;;;;;;x
PROV522;Port Renfrew;Port Renfrew;Port Renfrew;;;;;;;;;x
PROV523;Parksville;Parksville;Parksville;;;;;;;;;x
PROV524;Port Alberni;Port Alberni;Port Alberni;;;;;;;;;x
PROV525;Royston;Royston;Royston;;;;;;;;;x
PROV526;Comox;Comox;Comox;;;;;;;;;x
PROV528;Port Hardy;Port Hardy;Port Hardy;;;;;;;;;x
PROV529;Port Alice;Port Alice;Port Alice;;;;;;;;;x
PROV530;Port McNiell;Port McNiell;Port McNiell;;;;;;;;;x
PROV531;Whistler;Whistler;Whistler;;;;;;;;;x
PROV532;Tofino;Tofino;Tofino;;;;;;;;;x
PROV533;Ahousat;Ahousat;Ahousat;;;;;;;;;x
PROV534;Yuquot;Yuquot;Yuquot;;;;;;;;;x
PROV535;Zeballos;Zeballos;Zeballos;;;;;;;;;x
PROV536;Powell;Powell;Powell;;;;;;;;;x
PROV537;Maderia Park;Maderia Park;Maderia Park;;;;;;;;;x
PROV538;Lund;Lund;Lund;;;;;;;;;x
PROV539;Blind Channel;Blind Channel;Blind Channel;;;;;;;;;x
PROV540;Port Neville;Port Neville;Port Neville;;;;;;;;;x
PROV541;Echo Bay;Echo Bay;Echo Bay;;;;;;;;;x
PROV542;Harrison Hot Springs;Harrison Hot Springs;Harrison Hot Springs;;;;;;;;;x
PROV543;Allison Harbor;Allison Harbor;Allison Harbor;;;;;;;;;x
PROV544;Kelowna;Kelowna;Kelowna;;;;;;;;;x
PROV545;Keremeos;Keremeos;Keremeos;;;;;;;;;x
PROV546;Penticton;Penticton;Penticton;;;;;;;;;x
PROV547;Kamloops;Kamloops;Kamloops;;;;;;;;;x
PROV548;Skeetchestn;Skeetchestn;Skeetchestn;;;;;;;;;x
PROV549;Lillooet;Lillooet;Lillooet;;;;;;;;;x
PROV550;Merritt;Merritt;Merritt;;;;;;;;;x
PROV551;Princeton;Princeton;Princeton;;;;;;;;;x
PROV552;Falkland;Falkland;Falkland;;;;;;;;;x
PROV553;Vernon;Vernon;Vernon;;;;;;;;;x
PROV554;Salmon Arm;Salmon Arm;Salmon Arm;;;;;;;;;x
PROV555;Sorrento;Sorrento;Sorrento;;;;;;;;;x
PROV556;Nelson;Nelson;Nelson;;;;;;;;;x
PROV557;Kaslo;Kaslo;Kaslo;;;;;;;;;x
PROV558;Crawford;Crawford;Crawford;;;;;;;;;x
PROV559;Creston;Creston;Creston;;;;;;;;;x
PROV560;Cranbrook;Cranbrook;Cranbrook;;;;;;;;;x
PROV561;Ivermere;Ivermere;Ivermere;;;;;;;;;x
PROV562;Elko;Elko;Elko;;;;;;;;;x
PROV563;Castlegar;Castlegar;Castlegar;;;;;;;;;x
PROV564;Rossland;Rossland;Rossland;;;;;;;;;x
PROV565;Salmo;Salmo;Salmo;;;;;;;;;x
PROV566;South Slocan;South Slocan;South Slocan;;;;;;;;;x
PROV567;New Denver;New Denver;New Denver;;;;;;;;;x
PROV568;Nakusp;Nakusp;Nakusp;;;;;;;;;x
PROV569;Grand Forks;Grand Forks;Grand Forks;;;;;;;;;x
PROV570;Sumpter;Sumpter;Sumpter;;;;;;;;;x
PROV571;Revelstoke;Revelstoke;Revelstoke;;;;;;;;;x
PROV572;Shuswap Falls;Shuswap Falls;Shuswap Falls;;;;;;;;;x
PROV573;Phoenix;Phoenix;Phoenix;;;;;;;;;x
PROV574;Mesa;Mesa;Mesa;;;;;;;;;x
PROV575;Harquahala;Harquahala;Harquahala;;;;;;;;;x
PROV576;Pinal;Pinal;Pinal;;;;;;;;;x
PROV577;Maricopa;Maricopa;Maricopa;;;;;;;;;x
PROV578;Flagstaff;Flagstaff;Flagstaff;;;;;;;;;x
PROV579;Gateway;Gateway;Gateway;;;;;;;;;x
PROV580;Grand Canyon;Grand Canyon;Grand Canyon;;;;;;;;;x
PROV581;Kaibab;Kaibab;Kaibab;;;;;;;;;x
PROV582;Havasupai;Havasupai;Havasupai;;;;;;;;;x
PROV583;Prescott;Prescott;Prescott;;;;;;;;;x
PROV584;Verde;Verde;Verde;;;;;;;;;x
PROV585;Aquarius;Aquarius;Aquarius;;;;;;;;;x
PROV586;Tonto;Tonto;Tonto;;;;;;;;;x
PROV587;Fort Apache;Fort Apache;Fort Apache;;;;;;;;;x
PROV588;San Carlos;San Carlos;San Carlos;;;;;;;;;x
PROV589;Graham;Graham;Graham;;;;;;;;;x
PROV590;Apache Forest;Apache Forest;Apache Forest;;;;;;;;;x
PROV591;San Pedro;San Pedro;San Pedro;;;;;;;;;x
PROV592;Kingman;Kingman;Kingman;;;;;;;;;x
PROV593;Hualapai;Hualapai;Hualapai;;;;;;;;;x
PROV594;Wikiup;Wikiup;Wikiup;;;;;;;;;x
PROV595;Mesquite;Mesquite;Mesquite;;;;;;;;;x
PROV596;Hoover;Hoover;Hoover;;;;;;;;;x
PROV597;Parashant;Parashant;Parashant;;;;;;;;;x
PROV598;La Paz;La Paz;La Paz;;;;;;;;;x
PROV599;Bullhead;Bullhead;Bullhead;;;;;;;;;x
PROV600;Sacramento Valley;Sacramento Valley;Sacramento Valley;;;;;;;;;x
PROV601;Havasu;Havasu;Havasu;;;;;;;;;x
PROV602;Plomosa;Plomosa;Plomosa;;;;;;;;;x
PROV603;Yuma;Yuma;Yuma;;;;;;;;;x
PROV604;Kofa;Kofa;Kofa;;;;;;;;;x
PROV605;Pima;Pima;Pima;;;;;;;;;x
PROV606;Organ Pipe;Organ Pipe;Organ Pipe;;;;;;;;;x
PROV607;Jupin Tohono;Jupin Tohono;Jupin Tohono;;;;;;;;;x
PROV608;Tohono Jevud;Tohono Jevud;Tohono Jevud;;;;;;;;;x
PROV609;Santa Cruz;Santa Cruz;Santa Cruz;;;;;;;;;x
PROV610;Sierra Vista;Sierra Vista;Sierra Vista;;;;;;;;;x
PROV611;Sulphur Springs;Sulphur Springs;Sulphur Springs;;;;;;;;;x
PROV612;San Simon;San Simon;San Simon;;;;;;;;;x
PROV613;Animas;Animas;Animas;;;;;;;;;x
PROV614;Bootheel;Bootheel;Bootheel;;;;;;;;;x
PROV615;Luna;Luna;Luna;;;;;;;;;x
PROV616;Grant;Grant;Grant;;;;;;;;;x
PROV617;East Sierra;East Sierra;East Sierra;;;;;;;;;x
PROV618;Mogollon;Mogollon;Mogollon;;;;;;;;;x
PROV619;San Agustin;San Agustin;San Agustin;;;;;;;;;x
PROV620;Alamo;Alamo;Alamo;;;;;;;;;x
PROV621;Bernalillo;Bernalillo;Bernalillo;;;;;;;;;x
PROV622;Torrance;Torrance;Torrance;;;;;;;;;x
PROV623;Valencia;Valencia;Valencia;;;;;;;;;x
PROV624;Sandia;Sandia;Sandia;;;;;;;;;x
PROV625;Socorro;Socorro;Socorro;;;;;;;;;x
PROV626;Valley of Fires;Valley of Fires;Valley of Fires;;;;;;;;;x
PROV627;Chupadera;Chupadera;Chupadera;;;;;;;;;x
PROV628;Santa Fe;Santa Fe;Santa Fe;;;;;;;;;x
PROV629;Pojoaque;Pojoaque;Pojoaque;;;;;;;;;x
PROV630;Galiesto;Galiesto;Galiesto;;;;;;;;;x
PROV631;El Paso;El Paso;El Paso;;;;;;;;;x
PROV632;Juarez;Juarez;Juarez;;;;;;;;;x
PROV633;Doña Ana;Doña Ana;Doña Ana;;;;;;;;;x
PROV634;Otero;Otero;Otero;;;;;;;;;x
PROV635;West Sierra;West Sierra;West Sierra;;;;;;;;;x
PROV636;Denver;Denver;Denver;;;;;;;;;x
PROV637;Arapahoe;Arapahoe;Arapahoe;;;;;;;;;x
PROV638;Jefferson;Jefferson;Jefferson;;;;;;;;;x
PROV639;Adams;Adams;Adams;;;;;;;;;x
PROV640;Boulder;Boulder;Boulder;;;;;;;;;x
PROV641;Longmont;Longmont;Longmont;;;;;;;;;x
PROV642;Collins;Collins;Collins;;;;;;;;;x
PROV643;Weld;Weld;Weld;;;;;;;;;x
PROV644;Boyd;Boyd;Boyd;;;;;;;;;x
PROV645;Larimie;Larimie;Larimie;;;;;;;;;x
PROV646;Albany;Albany;Albany;;;;;;;;;x
PROV647;Colorado;Colorado;Colorado;;;;;;;;;x
PROV648;Fountain Valley;Fountain Valley;Fountain Valley;;;;;;;;;x
PROV649;Douglas;Douglas;Douglas;;;;;;;;;x
PROV650;Pueblo;Pueblo;Pueblo;;;;;;;;;x
PROV651;Fremont;Fremont;Fremont;;;;;;;;;x
PROV652;Alamosa;Alamosa;Alamosa;;;;;;;;;x
PROV653;Costilla;Costilla;Costilla;;;;;;;;;x
PROV654;Conejos;Conejos;Conejos;;;;;;;;;x
PROV655;Rio Grande;Rio Grande;Rio Grande;;;;;;;;;x
PROV656;Saguache;Saguache;Saguache;;;;;;;;;x
PROV657;Taos;Taos;Taos;;;;;;;;;x
PROV658;Picuris;Picuris;Picuris;;;;;;;;;x
PROV659;Sunshine Valley;Sunshine Valley;Sunshine Valley;;;;;;;;;x
PROV660;Huerfano;Huerfano;Huerfano;;;;;;;;;x
PROV661;Wet Mountain;Wet Mountain;Wet Mountain;;;;;;;;;x
PROV662;Park;Park;Park;;;;;;;;;x
PROV663;Teller;Teller;Teller;;;;;;;;;x
PROV664;Chaffee;Chaffee;Chaffee;;;;;;;;;x
PROV665;Mesa;Mesa;Mesa;;;;;;;;;x
PROV666;Delta;Delta;Delta;;;;;;;;;x
PROV667;Montrose;Montrose;Montrose;;;;;;;;;x
PROV668;Ouray;Ouray;Ouray;;;;;;;;;x
PROV669;La Plata;La Plata;La Plata;;;;;;;;;x
PROV670;Montezuma;Montezuma;Montezuma;;;;;;;;;x
PROV671;San Miguel;San Miguel;San Miguel;;;;;;;;;x
PROV672;Gunnison;Gunnison;Gunnison;;;;;;;;;x
PROV673;Curecanti;Curecanti;Curecanti;;;;;;;;;x
PROV674;Hinsdale;Hinsdale;Hinsdale;;;;;;;;;x
PROV675;Twin Lakes;Twin Lakes;Twin Lakes;;;;;;;;;x
PROV676;Pitkin;Pitkin;Pitkin;;;;;;;;;x
PROV677;Garfield;Garfield;Garfield;;;;;;;;;x
PROV678;Eagle;Eagle;Eagle;;;;;;;;;x
PROV679;Granby;Granby;Granby;;;;;;;;;x
PROV680;Medford;Medford;Medford;;;;;;;;;x
PROV681;Dillon;Dillon;Dillon;;;;;;;;;x
PROV682;Moffat;Moffat;Moffat;;;;;;;;;x
PROV683;Routt;Routt;Routt;;;;;;;;;x
PROV684;Rio Blanco;Rio Blanco;Rio Blanco;;;;;;;;;x
PROV685;Salt Lake City;Salt Lake City;Salt Lake City;;;;;;;;;x
PROV686;Bountiful;Bountiful;Bountiful;;;;;;;;;x
PROV687;West Valley;West Valley;West Valley;;;;;;;;;x
PROV688;Murray;Murray;Murray;;;;;;;;;x
PROV689;Jordan;Jordan;Jordan;;;;;;;;;x
PROV690;Sandy;Sandy;Sandy;;;;;;;;;x
PROV691;Provo;Provo;Provo;;;;;;;;;x
PROV692;Lehi;Lehi;Lehi;;;;;;;;;x
PROV693;Spanish Fork;Spanish Fork;Spanish Fork;;;;;;;;;x
PROV694;Lake Mountain;Lake Mountain;Lake Mountain;;;;;;;;;x
PROV695;Goshen;Goshen;Goshen;;;;;;;;;x
PROV696;Ogden;Ogden;Ogden;;;;;;;;;x
PROV697;Cache;Cache;Cache;;;;;;;;;x
PROV698;Box Elder;Box Elder;Box Elder;;;;;;;;;x
PROV699;Antelope Island;Antelope Island;Antelope Island;;;;;;;;;x
PROV700;Park Valley;Park Valley;Park Valley;;;;;;;;;x
PROV701;Blue Creek;Blue Creek;Blue Creek;;;;;;;;;x
PROV702;Grouse Creek;Grouse Creek;Grouse Creek;;;;;;;;;x
PROV703;Morgan;Morgan;Morgan;;;;;;;;;x
PROV704;Summit;Summit;Summit;;;;;;;;;x
PROV705;Pineview;Pineview;Pineview;;;;;;;;;x
PROV706;Millard;Millard;Millard;;;;;;;;;x
PROV707;Juab;Juab;Juab;;;;;;;;;x
PROV708;Little Sahara;Little Sahara;Little Sahara;;;;;;;;;x
PROV709;Tooele;Tooele;Tooele;;;;;;;;;x
PROV710;Washington;Washington;Washington;;;;;;;;;x
PROV711;Iron;Iron;Iron;;;;;;;;;x
PROV712;Beaver;Beaver;Beaver;;;;;;;;;x
PROV713;Kanab;Kanab;Kanab;;;;;;;;;x
PROV714;Dixie Forest;Dixie Forest;Dixie Forest;;;;;;;;;x
PROV715;Glen Canyon;Glen Canyon;Glen Canyon;;;;;;;;;x
PROV716;Grand Staircase;Grand Staircase;Grand Staircase;;;;;;;;;x
PROV717;Manti;Manti;Manti;;;;;;;;;x
PROV718;Sanpete;Sanpete;Sanpete;;;;;;;;;x
PROV719;Sevier;Sevier;Sevier;;;;;;;;;x
PROV720;Piute;Piute;Piute;;;;;;;;;x
PROV721;Bryce;Bryce;Bryce;;;;;;;;;x
PROV722;San Rafael;San Rafael;San Rafael;;;;;;;;;x
PROV723;Carbon;Carbon;Carbon;;;;;;;;;x
PROV724;Capitol Reef;Capitol Reef;Capitol Reef;;;;;;;;;x
PROV725;Wayne;Wayne;Wayne;;;;;;;;;x
PROV726;San Juan;San Juan;San Juan;;;;;;;;;x
PROV727;Grand;Grand;Grand;;;;;;;;;x
PROV728;Canyonland;Canyonland;Canyonland;;;;;;;;;x
PROV729;Duchesne;Duchesne;Duchesne;;;;;;;;;x
PROV730;Uintah;Uintah;Uintah;;;;;;;;;x
PROV731;Soldier Creek;Soldier Creek;Soldier Creek;;;;;;;;;x
PROV732;Ada;Ada;Ada;;;;;;;;;x
PROV733;Deer Flat;Deer Flat;Deer Flat;;;;;;;;;x
PROV734;Canyon;Canyon;Canyon;;;;;;;;;x
PROV735;Homedale;Homedale;Homedale;;;;;;;;;x
PROV736;Payette;Payette;Payette;;;;;;;;;x
PROV737;Weiser;Weiser;Weiser;;;;;;;;;x
PROV738;Cascade Valley;Cascade Valley;Cascade Valley;;;;;;;;;x
PROV739;East Salmon;East Salmon;East Salmon;;;;;;;;;x
PROV740;West Salmon;West Salmon;West Salmon;;;;;;;;;x
PROV741;Riggins;Riggins;Riggins;;;;;;;;;x
PROV742;Deadwood;Deadwood;Deadwood;;;;;;;;;x
PROV743;Lewis;Lewis;Lewis;;;;;;;;;x
PROV744;Idaho;Idaho;Idaho;;;;;;;;;x
PROV745;Nez Perce;Nez Perce;Nez Perce;;;;;;;;;x
PROV746;Elk;Elk;Elk;;;;;;;;;x
PROV747;Selway;Selway;Selway;;;;;;;;;x
PROV748;Silver Lake;Silver Lake;Silver Lake;;;;;;;;;x
PROV749;Grande Rond;Grande Rond;Grande Rond;;;;;;;;;x
PROV750;Whitman;Whitman;Whitman;;;;;;;;;x
PROV751;Wallowa;Wallowa;Wallowa;;;;;;;;;x
PROV752;Baker;Baker;Baker;;;;;;;;;x
PROV753;Pine Creek;Pine Creek;Pine Creek;;;;;;;;;x
PROV754;Union;Union;Union;;;;;;;;;x
PROV755;Burnt River;Burnt River;Burnt River;;;;;;;;;x
PROV756;Bonneville;Bonneville;Bonneville;;;;;;;;;x
PROV757;Mud Lake;Mud Lake;Mud Lake;;;;;;;;;x
PROV758;Ricks;Ricks;Ricks;;;;;;;;;x
PROV759;Swan Valley;Swan Valley;Swan Valley;;;;;;;;;x
PROV760;Pocatello;Pocatello;Pocatello;;;;;;;;;x
PROV761;Power;Power;Power;;;;;;;;;x
PROV762;Fort Hall;Fort Hall;Fort Hall;;;;;;;;;x
PROV763;Blackfoot;Blackfoot;Blackfoot;;;;;;;;;x
PROV764;Springfield;Springfield;Springfield;;;;;;;;;x
PROV765;Franklin;Franklin;Franklin;;;;;;;;;x
PROV766;Malad;Malad;Malad;;;;;;;;;x
PROV767;Portneuf;Portneuf;Portneuf;;;;;;;;;x
PROV768;Arbon;Arbon;Arbon;;;;;;;;;x
PROV769;Rockland;Rockland;Rockland;;;;;;;;;x
PROV770;Burley;Burley;Burley;;;;;;;;;x
PROV771;Malta;Malta;Malta;;;;;;;;;x
PROV772;Salmon Falls;Salmon Falls;Salmon Falls;;;;;;;;;x
PROV773;Shoshone Falls;Shoshone Falls;Shoshone Falls;;;;;;;;;x
PROV774;Craters of the Moon;Craters of the Moon;Craters of the Moon;;;;;;;;;x
PROV775;Minidoka;Minidoka;Minidoka;;;;;;;;;x
PROV776;Jerome;Jerome;Jerome;;;;;;;;;x
PROV777;Gooding;Gooding;Gooding;;;;;;;;;x
PROV778;Lincoln;Lincoln;Lincoln;;;;;;;;;x
PROV779;Challis;Challis;Challis;;;;;;;;;x
PROV780;Butte;Butte;Butte;;;;;;;;;x
PROV781;Pahsimeroi;Pahsimeroi;Pahsimeroi;;;;;;;;;x
PROV782;Salmon;Salmon;Salmon;;;;;;;;;x
PROV783;Lemhi;Lemhi;Lemhi;;;;;;;;;x
PROV784;Deerlodge;Deerlodge;Deerlodge;;;;;;;;;x
PROV785;Odell;Odell;Odell;;;;;;;;;x
PROV786;Madison;Madison;Madison;;;;;;;;;x
PROV787;Red Rock;Red Rock;Red Rock;;;;;;;;;x
PROV788;Idaho city;Idaho city;Idaho city;;;;;;;;;x
PROV789;No Return;No Return;No Return;;;;;;;;;x
PROV790;Sawtooth;Sawtooth;Sawtooth;;;;;;;;;x
PROV791;Blaine;Blaine;Blaine;;;;;;;;;x
PROV792;Camas;Camas;Camas;;;;;;;;;x
PROV793;Mid Fork;Mid Fork;Mid Fork;;;;;;;;;x
PROV794;Mountain Home;Mountain Home;Mountain Home;;;;;;;;;x
PROV795;Three Island;Three Island;Three Island;;;;;;;;;x
PROV796;Strike;Strike;Strike;;;;;;;;;x
PROV797;Owyhee;Owyhee;Owyhee;;;;;;;;;x
PROV798;Duck Valley;Duck Valley;Duck Valley;;;;;;;;;x
PROV799;Wild Horse;Wild Horse;Wild Horse;;;;;;;;;x
PROV800;Clover;Clover;Clover;;;;;;;;;x
PROV801;Dickshooter;Dickshooter;Dickshooter;;;;;;;;;x
PROV802;Bend;Bend;Bend;;;;;;;;;x
PROV803;Christmas Valley;Christmas Valley;Christmas Valley;;;;;;;;;x
PROV804;Ochoco;Ochoco;Ochoco;;;;;;;;;x
PROV805;Deschutes;Deschutes;Deschutes;;;;;;;;;x
PROV806;Crook;Crook;Crook;;;;;;;;;x
PROV807;Ontario;Ontario;Ontario;;;;;;;;;x
PROV808;McDermitt;McDermitt;McDermitt;;;;;;;;;x
PROV809;Cow Lake;Cow Lake;Cow Lake;;;;;;;;;x
PROV810;Burns;Burns;Burns;;;;;;;;;x
PROV811;Blitzen Valley;Blitzen Valley;Blitzen Valley;;;;;;;;;x
PROV812;Harper;Harper;Harper;;;;;;;;;x
PROV813;Upper Silves;Upper Silves;Upper Silves;;;;;;;;;x
PROV814;John Day;John Day;John Day;;;;;;;;;x
PROV815;Rock Creek;Rock Creek;Rock Creek;;;;;;;;;x
PROV816;Wheeler;Wheeler;Wheeler;;;;;;;;;x
PROV817;Grant;Grant;Grant;;;;;;;;;x
PROV818;Window Rock;Window Rock;Window Rock;;;;;;;;;x
PROV819;Dilkon;Dilkon;Dilkon;;;;;;;;;x
PROV820;Ganado;Ganado;Ganado;;;;;;;;;x
PROV821;Houck;Houck;Houck;;;;;;;;;x
PROV822;Twin Lakes;Twin Lakes;Twin Lakes;;;;;;;;;x
PROV823;Tuba;Tuba;Tuba;;;;;;;;;x
PROV824;Monument Valley;Monument Valley;Monument Valley;;;;;;;;;x
PROV825;Navajo Mountain;Navajo Mountain;Navajo Mountain;;;;;;;;;x
PROV826;Kaibito;Kaibito;Kaibito;;;;;;;;;x
PROV827;Canyon de Chelly;Canyon de Chelly;Canyon de Chelly;;;;;;;;;x
PROV828;Pinon;Pinon;Pinon;;;;;;;;;x
PROV829;Chuska;Chuska;Chuska;;;;;;;;;x
PROV830;Shiprock;Shiprock;Shiprock;;;;;;;;;x
PROV831;Red Mesas;Red Mesas;Red Mesas;;;;;;;;;x
PROV832;Fruitland;Fruitland;Fruitland;;;;;;;;;x
PROV833;Animas;Animas;Animas;;;;;;;;;x
PROV834;Crownpoint;Crownpoint;Crownpoint;;;;;;;;;x
PROV835;Gallup;Gallup;Gallup;;;;;;;;;x
PROV836;Chaco;Chaco;Chaco;;;;;;;;;x
PROV837;Crow Mesa;Crow Mesa;Crow Mesa;;;;;;;;;x
PROV838;Third Mesa;Third Mesa;Third Mesa;;;;;;;;;x
PROV839;Second Mesa;Second Mesa;Second Mesa;;;;;;;;;x
PROV840;First Mesa;First Mesa;First Mesa;;;;;;;;;x
PROV841;Moenkopi;Moenkopi;Moenkopi;;;;;;;;;x
PROV842;Petrified Forest;Petrified Forest;Petrified Forest;;;;;;;;;x
PROV843;Canyon Diablo;Canyon Diablo;Canyon Diablo;;;;;;;;;x
PROV844;Snowflake;Snowflake;Snowflake;;;;;;;;;x
PROV845;Lyman;Lyman;Lyman;;;;;;;;;x
PROV846;Zuni;Zuni;Zuni;;;;;;;;;x
PROV847;Ramah;Ramah;Ramah;;;;;;;;;x
PROV848;Jicarilla;Jicarilla;Jicarilla;;;;;;;;;x
PROV849;Archuleta;Archuleta;Archuleta;;;;;;;;;x
PROV850;Heron;Heron;Heron;;;;;;;;;x
PROV851;Cuba;Cuba;Cuba;;;;;;;;;x
PROV852;San Felipe;San Felipe;San Felipe;;;;;;;;;x
PROV853;Santo Domingo;Santo Domingo;Santo Domingo;;;;;;;;;x
PROV854;Jemez;Jemez;Jemez;;;;;;;;;x
PROV855;Los Alamos;Los Alamos;Los Alamos;;;;;;;;;x
PROV856;San Juan;San Juan;San Juan;;;;;;;;;x
PROV857;Abiquiu;Abiquiu;Abiquiu;;;;;;;;;x
PROV858;Acoma;Acoma;Acoma;;;;;;;;;x
PROV859;Grants;Grants;Grants;;;;;;;;;x
PROV860;Laguna;Laguna;Laguna;;;;;;;;;x
PROV861;Isleta;Isleta;Isleta;;;;;;;;;x
PROV862;Yellowstone;Yellowstone;Yellowstone;;;;;;;;;x
PROV863;Monument;Monument;Monument;;;;;;;;;x
PROV864;Colter Bay;Colter Bay;Colter Bay;;;;;;;;;x
PROV865;Lemhi Pass;Lemhi Pass;Lemhi Pass;;;;;;;;;x
PROV866;Mammoth;Mammoth;Mammoth;;;;;;;;;x
PROV867;Cowen;Cowen;Cowen;;;;;;;;;x
PROV868;Fremont;Fremont;Fremont;;;;;;;;;x
PROV869;Tetonia;Tetonia;Tetonia;;;;;;;;;x
PROV870;Ashton;Ashton;Ashton;;;;;;;;;x
PROV871;Teton;Teton;Teton;;;;;;;;;x
PROV872;Breccia;Breccia;Breccia;;;;;;;;;x
PROV873;Sublette;Sublette;Sublette;;;;;;;;;x
PROV874;Montpelier;Montpelier;Montpelier;;;;;;;;;x
PROV875;Paris;Paris;Paris;;;;;;;;;x
PROV876;Grays Lake;Grays Lake;Grays Lake;;;;;;;;;x
PROV877;Uinta;Uinta;Uinta;;;;;;;;;x
PROV878;Fossil;Fossil;Fossil;;;;;;;;;x
PROV879;Silver Eagle;Silver Eagle;Silver Eagle;;;;;;;;;x
PROV880;Palisades;Palisades;Palisades;;;;;;;;;x
PROV881;Star Valley;Star Valley;Star Valley;;;;;;;;;x
PROV882;Flaming Gorge;Flaming Gorge;Flaming Gorge;;;;;;;;;x
PROV883;Pilot Butte;Pilot Butte;Pilot Butte;;;;;;;;;x
PROV884;Red Desert;Red Desert;Red Desert;;;;;;;;;x
PROV885;Wind River;Wind River;Wind River;;;;;;;;;x
PROV886;Hot Spring;Hot Spring;Hot Spring;;;;;;;;;x
PROV887;Natrona;Natrona;Natrona;;;;;;;;;x
PROV888;Washakie;Washakie;Washakie;;;;;;;;;x
PROV889;Big Horn;Big Horn;Big Horn;;;;;;;;;x
PROV890;Meeteetse;Meeteetse;Meeteetse;;;;;;;;;x
PROV891;Albany;Albany;Albany;;;;;;;;;x
PROV892;Carbon;Carbon;Carbon;;;;;;;;;x
PROV893;Helena;Helena;Helena;;;;;;;;;x
PROV894;Missouri;Missouri;Missouri;;;;;;;;;x
PROV895;Jefferson;Jefferson;Jefferson;;;;;;;;;x
PROV896;Powell;Powell;Powell;;;;;;;;;x
PROV897;Granite;Granite;Granite;;;;;;;;;x
PROV898;Swan;Swan;Swan;;;;;;;;;x
PROV899;Gallatin;Gallatin;Gallatin;;;;;;;;;x
PROV900;Silver Bow;Silver Bow;Silver Bow;;;;;;;;;x
PROV901;Park;Park;Park;;;;;;;;;x
PROV902;Stillwater;Stillwater;Stillwater;;;;;;;;;x
PROV903;Sweet Grass;Sweet Grass;Sweet Grass;;;;;;;;;x
PROV904;Pitic;Pitic;Pitic;;;;;;;;;x
PROV905;Ures;Ures;Ures;;;;;;;;;x
PROV906;Carbo;Carbo;Carbo;;;;;;;;;x
PROV907;La Colorada;La Colorada;La Colorada;;;;;;;;;x
PROV908;Rio Sonora;Rio Sonora;Rio Sonora;;;;;;;;;x
PROV909;Bahía Kino;Bahía Kino;Bahía Kino;;;;;;;;;x
PROV910;Isla Tiburón;Isla Tiburón;Isla Tiburón;;;;;;;;;x
PROV911;Agua Prieta;Agua Prieta;Agua Prieta;;;;;;;;;x
PROV912;Cananea;Cananea;Cananea;;;;;;;;;x
PROV913;Bacerac;Bacerac;Bacerac;;;;;;;;;x
PROV914;Nácori Chico;Nácori Chico;Nácori Chico;;;;;;;;;x
PROV915;Cumpas;Cumpas;Cumpas;;;;;;;;;x
PROV916;Nogales;Nogales;Nogales;;;;;;;;;x
PROV917;Saric;Saric;Saric;;;;;;;;;x
PROV918;Santa Ana;Santa Ana;Santa Ana;;;;;;;;;x
PROV919;Arizpe;Arizpe;Arizpe;;;;;;;;;x
PROV920;Caborca;Caborca;Caborca;;;;;;;;;x
PROV921;Caborca Occidental;Caborca Occidental;Caborca Occidental;;;;;;;;;x
PROV922;San Luis;San Luis;San Luis;;;;;;;;;x
PROV923;Puerto Peñasco;Puerto Peñasco;Puerto Peñasco;;;;;;;;;x
PROV924;Calles;Calles;Calles;;;;;;;;;x
PROV925;Obregón;Obregón;Obregón;;;;;;;;;x
PROV926;Guaymas;Guaymas;Guaymas;;;;;;;;;x
PROV927;Suaqui Grande;Suaqui Grande;Suaqui Grande;;;;;;;;;x
PROV928;Navojoa;Navojoa;Navojoa;;;;;;;;;x
PROV929;Álamos;Álamos;Álamos;;;;;;;;;x
PROV930;Rosario;Rosario;Rosario;;;;;;;;;x
PROV931;Sahuaripa;Sahuaripa;Sahuaripa;;;;;;;;;x
PROV932;Tepache;Tepache;Tepache;;;;;;;;;x
PROV933;Ahome;Ahome;Ahome;;;;;;;;;x
PROV934;El Fuerte;El Fuerte;El Fuerte;;;;;;;;;x
PROV935;Choix;Choix;Choix;;;;;;;;;x
PROV936;Guasave;Guasave;Guasave;;;;;;;;;x
PROV937;Salvador Alvarado;Salvador Alvarado;Salvador Alvarado;;;;;;;;;x
PROV938;Angostura;Angostura;Angostura;;;;;;;;;x
PROV939;Sinaloa;Sinaloa;Sinaloa;;;;;;;;;x
PROV940;Badiraguato;Badiraguato;Badiraguato;;;;;;;;;x
PROV941;Mocorito;Mocorito;Mocorito;;;;;;;;;x
PROV942;Culiacan;Culiacan;Culiacan;;;;;;;;;x
PROV943;Pabellones;Pabellones;Pabellones;;;;;;;;;x
PROV944;Navolato;Navolato;Navolato;;;;;;;;;x
PROV945;Cosala;Cosala;Cosala;;;;;;;;;x
PROV946;Mazatlan;Mazatlan;Mazatlan;;;;;;;;;x
PROV947;San Ignacio;San Ignacio;San Ignacio;;;;;;;;;x
PROV948;Elota;Elota;Elota;;;;;;;;;x
PROV949;Concordia;Concordia;Concordia;;;;;;;;;x
PROV950;Rosario;Rosario;Rosario;;;;;;;;;x
PROV951;Escuinapa;Escuinapa;Escuinapa;;;;;;;;;x
PROV952;Reno;Reno;Reno;;;;;;;;;x
PROV953;Washoe City;Washoe City;Washoe City;;;;;;;;;x
PROV954;Fernley;Fernley;Fernley;;;;;;;;;x
PROV955;Nixon;Nixon;Nixon;;;;;;;;;x
PROV956;Sutcliffe;Sutcliffe;Sutcliffe;;;;;;;;;x
PROV957;Doyle;Doyle;Doyle;;;;;;;;;x
PROV958;Black Rock;Black Rock;Black Rock;;;;;;;;;x
PROV959;Sierra Valley;Sierra Valley;Sierra Valley;;;;;;;;;x
PROV960;Carson;Carson;Carson;;;;;;;;;x
PROV961;Dayton;Dayton;Dayton;;;;;;;;;x
PROV962;Topaz;Topaz;Topaz;;;;;;;;;x
PROV963;Lyon;Lyon;Lyon;;;;;;;;;x
PROV964;Granite;Granite;Granite;;;;;;;;;x
PROV965;Hart Mountain;Hart Mountain;Hart Mountain;;;;;;;;;x
PROV966;Elko;Elko;Elko;;;;;;;;;x
PROV967;Wells;Wells;Wells;;;;;;;;;x
PROV968;Wendover;Wendover;Wendover;;;;;;;;;x
PROV969;Montello;Montello;Montello;;;;;;;;;x
PROV970;Carlin;Carlin;Carlin;;;;;;;;;x
PROV971;Ruby Valley;Ruby Valley;Ruby Valley;;;;;;;;;x
PROV972;Ely;Ely;Ely;;;;;;;;;x
PROV973;West White Pine;West White Pine;West White Pine;;;;;;;;;x
PROV974;Steptoe;Steptoe;Steptoe;;;;;;;;;x
PROV975;Osceloa;Osceloa;Osceloa;;;;;;;;;x
PROV976;Eskdale;Eskdale;Eskdale;;;;;;;;;x
PROV977;Pioche;Pioche;Pioche;;;;;;;;;x
PROV978;Caliente;Caliente;Caliente;;;;;;;;;x
PROV979;Pahranagat;Pahranagat;Pahranagat;;;;;;;;;x
PROV980;Rachel;Rachel;Rachel;;;;;;;;;x
PROV981;Lund;Lund;Lund;;;;;;;;;x
PROV982;Tonopah;Tonopah;Tonopah;;;;;;;;;x
PROV983;Railroad Valley;Railroad Valley;Railroad Valley;;;;;;;;;x
PROV984;Smokey Valley;Smokey Valley;Smokey Valley;;;;;;;;;x
PROV985;Austin;Austin;Austin;;;;;;;;;x
PROV986;New Pass;New Pass;New Pass;;;;;;;;;x
PROV987;Eureka;Eureka;Eureka;;;;;;;;;x
PROV988;Battle Mountain;Battle Mountain;Battle Mountain;;;;;;;;;x
PROV989;Reese River;Reese River;Reese River;;;;;;;;;x
PROV990;Crescent Valley;Crescent Valley;Crescent Valley;;;;;;;;;x
PROV991;Winnemucca;Winnemucca;Winnemucca;;;;;;;;;x
PROV992;Santa Rosas;Santa Rosas;Santa Rosas;;;;;;;;;x
PROV993;Lovelock;Lovelock;Lovelock;;;;;;;;;x
PROV994;Fallon;Fallon;Fallon;;;;;;;;;x
PROV995;Denio;Denio;Denio;;;;;;;;;x
PROV996;Paoha;Paoha;Paoha;;;;;;;;;x
PROV997;Pine Grove;Pine Grove;Pine Grove;;;;;;;;;x
PROV998;Lee Vining;Lee Vining;Lee Vining;;;;;;;;;x
PROV999;Pizona;Pizona;Pizona;;;;;;;;;x
PROV1000;Benton;Benton;Benton;;;;;;;;;x
PROV1001;Chalfant Valley;Chalfant Valley;Chalfant Valley;;;;;;;;;x
PROV1002;Big Pine;Big Pine;Big Pine;;;;;;;;;x
PROV1003;Oasis;Oasis;Oasis;;;;;;;;;x
PROV1004;Coaldale;Coaldale;Coaldale;;;;;;;;;x
PROV1005;Tokop;Tokop;Tokop;;;;;;;;;x
PROV1006;Mineral;Mineral;Mineral;;;;;;;;;x
PROV1007;Lone Pine;Lone Pine;Lone Pine;;;;;;;;;x
PROV1008;Haiwee;Haiwee;Haiwee;;;;;;;;;x
PROV1009;Ballarat;Ballarat;Ballarat;;;;;;;;;x
PROV1010;Skytop;Skytop;Skytop;;;;;;;;;x
PROV1011;Stovepipe;Stovepipe;Stovepipe;;;;;;;;;x
PROV1012;Grapevine;Grapevine;Grapevine;;;;;;;;;x
PROV1013;Chloride;Chloride;Chloride;;;;;;;;;x
PROV1014;Ryan;Ryan;Ryan;;;;;;;;;x
PROV1015;Amargosa;Amargosa;Amargosa;;;;;;;;;x
PROV1016;Ridgecrest;Ridgecrest;Ridgecrest;;;;;;;;;x
PROV1017;Copper City;Copper City;Copper City;;;;;;;;;x
PROV1018;Fremont Valley;Fremont Valley;Fremont Valley;;;;;;;;;x
PROV1019;Mars;Mars;Mars;;;;;;;;;x
PROV1020;Badwater;Badwater;Badwater;;;;;;;;;x
PROV1021;Ashford Meadows;Ashford Meadows;Ashford Meadows;;;;;;;;;x
PROV1022;Vashon;Vashon;Vashon;;;;;;;;;x
PROV1023;Redmond;Redmond;Redmond;;;;;;;;;x
PROV1024;Yelm;Yelm;Yelm;;;;;;;;;x
PROV1025;Kelso;Kelso;Kelso;;;;;;;;;x
PROV1026;Pomeroy;Pomeroy;Pomeroy;;;;;;;;;x
PROV1027;Skull Valley;Skull Valley;Skull Valley;;;;;;;;;x
PROV1028;White Swan;White Swan;White Swan;;;;;;;;;x
PROV1029;Cle Elum;Cle Elum;Cle Elum;;;;;;;;;x
PROV1030;Skykomish;Skykomish;Skykomish;;;;;;;;;x
PROV1031;Ephrata;Ephrata;Ephrata;;;;;;;;;x
PROV1032;Moses Lake;Moses Lake;Moses Lake;;;;;;;;;x
PROV1033;Othello;Othello;Othello;;;;;;;;;x
PROV1034;Cheney;Cheney;Cheney;;;;;;;;;x
PROV1035;Lebanon;Lebanon;Lebanon;;;;;;;;;x
PROV1036;Trout Lake;Trout Lake;Trout Lake;;;;;;;;;x
PROV1037;Mattawa;Mattawa;Mattawa;;;;;;;;;x
PROV1038;Horse Heaven;Horse Heaven;Horse Heaven;;;;;;;;;x
PROV1039;Connell;Connell;Connell;;;;;;;;;x
PROV1040;Ashland;Ashland;Ashland;;;;;;;;;x
PROV1041;Chetco;Chetco;Chetco;;;;;;;;;x
PROV1042;Ballard;Ballard;Ballard;;;;;;;;;x
